{"data":[{"name":"sample rate=0.2","x":[0.0,0.2,0.4,0.6000000000000001,0.8,1.0,1.2000000000000002,1.4000000000000001,1.6,1.8,2.0,2.2,2.4000000000000004,2.6,2.8000000000000003,3.0,3.2,3.4000000000000004,3.6,3.8000000000000003,4.0,4.2,4.4,4.6000000000000005,4.800000000000001,5.0,5.2,5.4,5.6000000000000005,5.800000000000001,6.0,6.2,6.4,6.6000000000000005,6.800000000000001,7.0,7.2,7.4,7.6000000000000005,7.800000000000001,8.0,8.200000000000001,8.4,8.6,8.8,9.0,9.200000000000001,9.4,9.600000000000001,9.8,10.0,10.200000000000001,10.4,10.600000000000001,10.8,11.0,11.200000000000001,11.4,11.600000000000001,11.8,12.0,12.200000000000001,12.4,12.600000000000001,12.8,13.0,13.200000000000001,13.4,13.600000000000001,13.8,14.0,14.200000000000001,14.4,14.600000000000001,14.8,15.0,15.200000000000001,15.4,15.600000000000001,15.8,16.0,16.2,16.400000000000002,16.6,16.8,17.0,17.2,17.400000000000002,17.6,17.8,18.0,18.2,18.400000000000002,18.6,18.8,19.0,19.200000000000003,19.400000000000002,19.6,19.8,20.0,20.200000000000003,20.400000000000002,20.6,20.8,21.0,21.200000000000003,21.400000000000002,21.6,21.8,22.0,22.200000000000003,22.400000000000002,22.6,22.8,23.0,23.200000000000003,23.400000000000002,23.6,23.8,24.0,24.200000000000003,24.400000000000002,24.6,24.8,25.0,25.200000000000003,25.400000000000002,25.6,25.8,26.0,26.200000000000003,26.400000000000002,26.6,26.8,27.0,27.200000000000003,27.400000000000002,27.6,27.8,28.0,28.200000000000003,28.400000000000002,28.6,28.8,29.0,29.200000000000003,29.400000000000002,29.6,29.8,30.0,30.200000000000003,30.400000000000002,30.6,30.8,31.0,31.200000000000003,31.400000000000002,31.6,31.8,32.0,32.2,32.4,32.6,32.800000000000004,33.0,33.2,33.4,33.6,33.800000000000004,34.0,34.2,34.4,34.6,34.800000000000004,35.0,35.2,35.4,35.6,35.800000000000004,36.0,36.2,36.4,36.6,36.800000000000004,37.0,37.2,37.4,37.6,37.800000000000004,38.0,38.2,38.400000000000006,38.6,38.800000000000004,39.0,39.2,39.400000000000006,39.6,39.800000000000004],"y":[1.0,0.9800665778412416,0.9210609940028851,0.8253356149096782,0.6967067093471654,0.5403023058681398,0.3623577544766734,0.16996714290024081,-0.029199522301288815,-0.2272020946930871,-0.4161468365471424,-0.5885011172553458,-0.7373937155412458,-0.8568887533689473,-0.9422223406686583,-0.9899924966004454,-0.9982947757947531,-0.9667981925794609,-0.896758416334147,-0.7909677119144165,-0.6536436208636119,-0.4902608213406994,-0.30733286997841935,-0.11215252693505398,0.08749898343944727,0.28366218546322625,0.4685166713003771,0.6346928759426347,0.7755658785102502,0.8855195169413194,0.960170286650366,0.9965420970232175,0.9931849187581926,0.9502325919585293,0.8693974903498248,0.7539022543433046,0.6083513145322546,0.43854732757439036,0.25125984258225487,0.05395542056264886,-0.14550003380861354,-0.33915486098383624,-0.5192886541166856,-0.6787200473200125,-0.811093014061656,-0.9111302618846769,-0.974843621404164,-0.9996930420352065,-0.9846878557941267,-0.9304262721047533,-0.8390715290764524,-0.714265652027199,-0.5609842574272288,-0.385338190771828,-0.1943299064553348,0.004425697988050785,0.20300486381875213,0.3934908663478909,0.568289629767975,0.7204324789908387,0.8438539587324921,0.9336336440746379,0.9861923022788637,0.9994345855010047,0.9728325656974354,0.9074467814501962,0.8058839576404497,0.6721930835534681,0.5117039924531475,0.33081487794904696,0.1367372182078336,-0.06279172292408354,-0.25981735621375585,-0.4464848914122672,-0.6153524829547208,-0.7596879128588213,-0.873736983011081,-0.9529529168871803,-0.9941776251838154,-0.9957676088732885,-0.9576594803233847,-0.8813724903622346,-0.7699479605420695,-0.627828035246386,-0.46067858741136253,-0.27516333805159693,-0.07867819473184015,0.12094359992847767,0.31574375491924334,0.49795620278841546,0.6603167082440802,0.7963524702919231,0.90064017238477,0.9690221929390499,0.9987723565872102,0.9887046181866692,0.9392203466968696,0.8522923238654625,0.7313860956454967,0.5813218118144357,0.40808206181339196,0.21857336778525918,0.02035084333167943,-0.17868300502473455,-0.37059332583764143,-0.5477292602242684,-0.7030289574653885,-0.8303011087085271,-0.9244717749141217,-0.9817866687932767,-0.9999608263946371,-0.9782697014065067,-0.9175780505318598,-0.820305458367489,-0.6903298762015725,-0.5328330203333975,-0.3540937933963556,-0.16123796432418536,0.03804591356977048,0.2358130209505226,0.424179007336997,0.5956343152752115,0.7433435626961754,0.8614180480287028,0.9451505141481711,0.9912028118634736,0.9977389813911302,0.9644984462781486,0.8928064017629097,0.7855209834229068,0.6469193223286404,0.48252702932510166,0.2988979063644682,0.10335266710397087,-0.09631291684576058,-0.2921388087338362,-0.47631804821501833,-0.6415079902223857,-0.7811230330551143,-0.8895971655362084,-0.9626058663135666,-0.9972385088794741,-0.9921143990644502,-0.9474378189567576,-0.8649898828201886,-0.7480575296890004,-0.6013024834811519,-0.43057540477662676,-0.24268264344292018,-0.04511489094451135,0.15425144988758405,0.34746827218126325,0.5268326309626121,0.6851938352639869,0.8162385236075703,0.9147423578045313,0.9767783008322618,0.9998731754079828,0.983106261762453,0.9271460038316639,0.8342233605065102,0.7080428643420057,0.5536349335346549,0.37715532502333365,0.18563972388578434,-0.013276747223059479,-0.2116639163173255,-0.4016127130121261,-0.5755504782013432,-0.7265428620792345,-0.8485702747846052,-0.9367678684526696,-0.9876194833474773,-0.9990978260547261,-0.9707452912726807,-0.9036922050915067,-0.8006117624589936,-0.6656134553337595,-0.5040792402090849,-0.32244897649130216,-0.12796368962740468,0.07162310572917044,0.26835451388009673,0.45438747440426913,0.6223054402265364,0.7654140519453434,0.8780080208168103,0.9555985806128394,0.9950924405655388,0.994915105108673,0.9550736440472949,0.8771564107069181,0.7642697192987757,0.6209140059747617,0.4528044106399808,0.26664293235993725,0.0698512418071273,-0.12972519732819268,-0.3241299022175636,-0.5056125707565817],"type":"scatter"},{"name":"sample rate=3","x":[0,3,6,9,12,15,18,21,24,27,30,33,36,39],"y":[1.0,-0.9899924966004454,0.960170286650366,-0.9111302618846769,0.8438539587324921,-0.7596879128588213,0.6603167082440802,-0.5477292602242684,0.424179007336997,-0.2921388087338362,0.15425144988758405,-0.013276747223059479,-0.12796368962740468,0.26664293235993725],"type":"scatter"}],"layout":{"template":{"data":{"histogram2dcontour":[{"type":"histogram2dcontour","colorbar":{"outlinewidth":0,"ticks":""},"colorscale":[[0.0,"#0d0887"],[0.1111111111111111,"#46039f"],[0.2222222222222222,"#7201a8"],[0.3333333333333333,"#9c179e"],[0.4444444444444444,"#bd3786"],[0.5555555555555556,"#d8576b"],[0.6666666666666666,"#ed7953"],[0.7777777777777778,"#fb9f3a"],[0.8888888888888888,"#fdca26"],[1.0,"#f0f921"]]}],"choropleth":[{"type":"choropleth","colorbar":{"outlinewidth":0,"ticks":""}}],"histogram2d":[{"type":"histogram2d","colorbar":{"outlinewidth":0,"ticks":""},"colorscale":[[0.0,"#0d0887"],[0.1111111111111111,"#46039f"],[0.2222222222222222,"#7201a8"],[0.3333333333333333,"#9c179e"],[0.4444444444444444,"#bd3786"],[0.5555555555555556,"#d8576b"],[0.6666666666666666,"#ed7953"],[0.7777777777777778,"#fb9f3a"],[0.8888888888888888,"#fdca26"],[1.0,"#f0f921"]]}],"heatmap":[{"type":"heatmap","colorbar":{"outlinewidth":0,"ticks":""},"colorscale":[[0.0,"#0d0887"],[0.1111111111111111,"#46039f"],[0.2222222222222222,"#7201a8"],[0.3333333333333333,"#9c179e"],[0.4444444444444444,"#bd3786"],[0.5555555555555556,"#d8576b"],[0.6666666666666666,"#ed7953"],[0.7777777777777778,"#fb9f3a"],[0.8888888888888888,"#fdca26"],[1.0,"#f0f921"]]}],"heatmapgl":[{"type":"heatmapgl","colorbar":{"outlinewidth":0,"ticks":""},"colorscale":[[0.0,"#0d0887"],[0.1111111111111111,"#46039f"],[0.2222222222222222,"#7201a8"],[0.3333333333333333,"#9c179e"],[0.4444444444444444,"#bd3786"],[0.5555555555555556,"#d8576b"],[0.6666666666666666,"#ed7953"],[0.7777777777777778,"#fb9f3a"],[0.8888888888888888,"#fdca26"],[1.0,"#f0f921"]]}],"contourcarpet":[{"type":"contourcarpet","colorbar":{"outlinewidth":0,"ticks":""}}],"contour":[{"type":"contour",